{
  "controller/kpmg.controller.js": 1718083607371,
  "controller/App.controller.js": 1718019245425,
  "i18n/i18n.properties": 1718019245425,
  "model/models.js": 1718019245425,
  "manifest.json": 1718084456177,
  "Component.js": 1718019245425,
  "model/models-dbg.js": 1718019245425,
  "model/models.js.map": 1718084456363,
  "controller/kpmg-dbg.controller.js": 1718083607371,
  "controller/kpmg.controller.js.map": 1718084456377,
  "controller/App-dbg.controller.js": 1718019245425,
  "controller/App.controller.js.map": 1718084456367,
  "Component-dbg.js": 1718019245425,
  "Component.js.map": 1718084456369,
  "Component-preload.js": 1718084456590,
  "Component-preload.js.map": 1718084456590,
  "view/kpmg.view.xml": 1718083821391,
  "view/App.view.xml": 1718019245425,
  "css/style.css": 1718019245425,
  "index.html": 1718019245425
}