{
  "controller/App.controller.js": 1718019245425,
  "controller/kpmg.controller.js": 1718020792190,
  "model/models.js": 1718019245425,
  "i18n/i18n.properties": 1718019245425,
  "manifest.json": 1718021045239,
  "Component.js": 1718019245425,
  "controller/App-dbg.controller.js": 1718019245425,
  "controller/App.controller.js.map": 1718021045417,
  "model/models-dbg.js": 1718019245425,
  "model/models.js.map": 1718021045423,
  "controller/kpmg-dbg.controller.js": 1718020792190,
  "controller/kpmg.controller.js.map": 1718021045429,
  "Component-dbg.js": 1718019245425,
  "Component.js.map": 1718021045427,
  "Component-preload.js": 1718021045642,
  "Component-preload.js.map": 1718021045642,
  "view/kpmg.view.xml": 1718020603334,
  "view/App.view.xml": 1718019245425,
  "css/style.css": 1718019245425,
  "index.html": 1718019245425
}