{
  "Component-dbg.js": 1717514276527,
  "controller/App.controller.js": 1717514276539,
  "controller/kpmg.controller.js": 1717514679123,
  "model/models.js": 1717514276535,
  "manifest.json": 1717516252522,
  "Component.js": 1717514276527,
  "controller/App-dbg.controller.js": 1717514276539,
  "controller/App.controller.js.map": 1717516252720,
  "controller/kpmg-dbg.controller.js": 1717514679123,
  "controller/kpmg.controller.js.map": 1717516252735,
  "model/models-dbg.js": 1717514276535,
  "model/models.js.map": 1717516252725,
  "i18n/i18n.properties": 1717514276531,
  "Component.js.map": 1717516252723,
  "Component-preload.js": 1717516252982,
  "Component-preload.js.map": 1717516252982,
  "view/kpmg.view.xml": 1717514755443,
  "view/App.view.xml": 1717514276543,
  "css/style.css": 1717514276543,
  "index.html": 1717514276527
}